City_ID,City,Country,Date,Lat,Lng,Max Temp,Humidity,Cloudiness,Wind Speed
0,Dresden,DE,2020-06-24 22:21:37,51.05,13.74,62.6,82,87,2.24
1,Port Elizabeth,ZA,2020-06-24 22:14:37,-33.92,25.57,53.6,50,0,5.82
2,Rikitea,PF,2020-06-24 22:15:00,-23.12,-134.97,70.59,55,97,9.8
3,Kushima,JP,2020-06-24 22:22:26,31.46,131.23,75.2,88,90,2.24
4,Cape Town,ZA,2020-06-24 22:15:01,-33.93,18.42,60.01,67,1,11.41
5,Albany,US,2020-06-24 22:13:50,42.6,-73.97,84.0,33,1,10.07
6,Hermanus,ZA,2020-06-24 22:14:00,-34.42,19.23,60.35,60,0,3.89
7,Yellowknife,CA,2020-06-24 22:10:03,62.46,-114.35,71.6,35,75,11.41
8,Mataura,NZ,2020-06-24 22:13:33,-46.19,168.86,45.88,85,53,7.52
9,Washington,US,2020-06-24 22:19:09,47.5,-120.5,88.0,27,0,15.99
10,Broken Hill,AU,2020-06-24 22:14:42,-31.95,141.43,37.4,86,0,3.36
11,Qaanaaq,GL,2020-06-24 22:15:07,77.48,-69.36,39.78,71,76,8.48
12,Tabuk,PH,2020-06-24 22:22:27,17.42,121.44,75.96,87,100,2.77
13,Ilulissat,GL,2020-06-24 22:13:49,69.22,-51.1,41.0,80,29,5.82
14,Norman Wells,CA,2020-06-24 22:13:39,65.28,-126.83,50.0,87,90,10.29
15,Serro,BR,2020-06-24 22:22:28,-18.6,-43.38,57.25,87,47,3.02
16,Punta Arenas,CL,2020-06-24 22:13:34,-53.15,-70.92,39.2,80,75,18.34
17,Anadyr,RU,2020-06-24 22:22:28,64.75,177.48,42.8,87,75,15.66
18,Leningradskiy,RU,2020-06-24 22:13:52,69.38,178.42,34.41,86,100,15.08
19,Hovd,MN,2020-06-24 22:14:29,48.01,91.64,60.39,47,46,6.35
20,Awbari,LY,2020-06-24 22:22:29,26.59,12.78,85.3,17,0,9.06
21,Corn Island,NI,2020-06-24 22:22:29,12.17,-83.04,82.36,79,98,21.5
22,New Norfolk,AU,2020-06-24 22:15:04,-42.78,147.06,50.0,94,92,2.39
23,Bethel,US,2020-06-24 22:14:03,41.37,-73.41,84.99,34,1,13.87
24,Ribeira Grande,PT,2020-06-24 22:14:01,38.52,-28.7,63.52,66,0,10.49
25,Moose Factory,CA,2020-06-24 22:22:30,51.26,-80.61,50.0,93,90,16.11
26,Pecos,US,2020-06-24 22:22:30,31.42,-103.49,89.6,35,1,13.87
27,Aklavik,CA,2020-06-24 22:14:23,68.22,-135.01,46.4,70,90,3.36
28,Sao Filipe,CV,2020-06-24 22:13:53,14.9,-24.5,75.78,84,28,5.95
29,Busselton,AU,2020-06-24 22:12:53,-33.65,115.33,50.0,73,98,6.93
30,Winsum,NL,2020-06-24 22:22:30,53.33,6.52,66.99,82,0,6.93
31,Russell,US,2020-06-24 22:13:36,32.35,-85.2,80.6,88,40,8.99
32,Saint-Philippe,RE,2020-06-24 22:14:03,-21.36,55.77,66.2,82,39,6.93
33,Khatanga,RU,2020-06-24 22:15:01,71.97,102.5,71.85,55,100,10.27
34,Kewanee,US,2020-06-24 22:22:30,41.25,-89.92,80.01,46,1,1.01
35,Castro,BR,2020-06-24 22:11:46,-24.79,-50.01,57.25,87,18,4.65
36,Boyolangu,ID,2020-06-24 22:17:36,-8.12,111.89,73.13,87,98,3.38
37,Asau,RO,2020-06-24 22:13:38,46.43,26.4,60.01,95,3,3.49
38,Providencia,MX,2020-06-24 22:22:31,28.72,-111.58,105.01,30,51,8.01
39,Tiznit,MA,2020-06-24 22:22:31,29.58,-9.5,65.79,80,7,1.34
40,Pandan Niog,PH,2020-06-24 22:14:46,6.23,120.56,83.17,72,99,4.65
41,Touros,BR,2020-06-24 22:15:01,-5.2,-35.46,75.2,78,100,4.7
42,Contamana,PE,2020-06-24 22:22:31,-7.33,-75.02,87.62,56,72,3.78
43,Talnakh,RU,2020-06-24 22:15:00,69.49,88.4,55.4,76,77,4.47
44,Altay,CN,2020-06-24 22:14:35,47.87,88.12,55.96,62,78,1.72
45,Port Hardy,CA,2020-06-24 22:22:32,50.7,-127.42,59.0,77,75,17.22
46,Chuy,UY,2020-06-24 22:13:51,-33.7,-53.46,62.2,98,99,2.19
47,Bluff,NZ,2020-06-24 22:13:41,-46.6,168.33,48.76,84,69,18.7
48,Guerrero Negro,MX,2020-06-24 22:15:00,27.98,-114.06,73.87,56,9,17.0
49,Vaini,TO,2020-06-24 22:14:19,-21.2,-175.2,75.2,78,75,6.93
50,Horsham,GB,2020-06-24 22:22:33,51.06,-0.33,70.0,60,0,9.17
51,Esperance,AU,2020-06-24 22:13:54,-33.87,121.9,42.8,87,0,8.05
52,Ushuaia,AR,2020-06-24 22:13:54,-54.8,-68.3,35.6,100,75,8.05
53,Lodja,CD,2020-06-24 22:17:35,-3.48,23.43,75.04,50,1,1.81
54,Lavrentiya,RU,2020-06-24 22:12:06,65.58,-171.0,39.25,70,100,8.46
55,Hobart,AU,2020-06-24 22:13:39,-42.88,147.33,50.0,93,40,5.01
56,Namibe,AO,2020-06-24 22:15:03,-15.2,12.15,69.51,59,0,6.24
57,Puerto Ayora,EC,2020-06-24 22:13:41,-0.74,-90.35,80.6,61,20,5.82
58,Dikson,RU,2020-06-24 22:15:06,73.51,80.55,39.85,81,99,12.21
59,Barrow,US,2020-06-24 22:15:00,71.29,-156.79,35.6,74,40,6.93
60,Palmeira Das Missoes,BR,2020-06-24 22:22:34,-27.9,-53.31,64.99,78,20,9.82
61,Atuona,PF,2020-06-24 22:13:34,-9.8,-139.03,79.2,69,35,14.79
62,Tucuma,BR,2020-06-24 22:22:34,-0.18,-50.05,77.83,90,34,6.38
63,Torbay,CA,2020-06-24 22:13:57,47.67,-52.73,77.0,69,75,14.99
64,Chernyshevskiy,RU,2020-06-24 22:12:05,63.01,112.47,59.13,88,57,5.08
65,Coihaique,CL,2020-06-24 22:20:33,-45.58,-72.07,37.4,64,20,3.36
66,Kapaa,US,2020-06-24 22:13:50,22.08,-159.32,82.4,65,1,10.29
67,Paamiut,GL,2020-06-24 22:14:38,61.99,-49.67,40.59,94,100,6.91
68,Bayji,IQ,2020-06-24 22:22:35,34.93,43.49,83.98,27,0,17.63
69,Tasiilaq,GL,2020-06-24 22:14:27,65.61,-37.64,39.2,86,100,3.36
70,Upernavik,GL,2020-06-24 22:13:37,72.79,-56.15,34.9,88,41,1.19
71,Naze,JP,2020-06-24 22:22:36,28.37,129.48,80.6,94,75,12.75
72,Avarua,CK,2020-06-24 22:14:00,-21.21,-159.78,78.8,78,68,9.17
73,Najran,SA,2020-06-24 22:14:16,17.49,44.13,80.6,14,41,4.7
74,Nikolskoye,RU,2020-06-24 22:13:56,59.7,30.79,62.6,82,49,4.47
75,Trincomalee,LK,2020-06-24 22:22:37,8.57,81.23,81.25,77,81,13.98
76,Voh,NC,2020-06-24 22:22:37,-20.97,164.7,72.27,57,47,2.48
77,Erenhot,CN,2020-06-24 22:22:37,43.65,111.98,67.19,33,17,2.21
78,Sawai Madhopur,IN,2020-06-24 22:22:37,25.98,76.37,85.35,65,100,4.21
79,Tuktoyaktuk,CA,2020-06-24 22:15:02,69.45,-133.04,44.6,56,40,4.7
80,Ahipara,NZ,2020-06-24 22:14:25,-35.17,173.17,58.91,87,35,5.53
81,Sumbe,AO,2020-06-24 22:22:37,-11.21,13.84,71.28,84,2,5.68
82,Oktyabrskoye,RU,2020-06-24 22:22:37,43.06,44.74,64.4,88,26,4.47
83,Sao Joao Da Barra,BR,2020-06-24 22:22:38,-21.64,-41.05,73.4,78,12,11.41
84,Saint-Augustin,CA,2020-06-24 22:20:06,51.23,-58.65,68.63,71,92,19.53
85,Mar Del Plata,AR,2020-06-24 22:09:11,-38.0,-57.56,54.0,76,91,9.17
86,Malinao,PH,2020-06-24 22:22:38,7.59,124.69,69.58,94,97,1.48
87,Semey,KZ,2020-06-24 22:20:44,50.41,80.23,64.8,78,90,7.09
88,Bealanana,MG,2020-06-24 22:22:38,-14.55,48.73,55.63,92,55,4.92
89,Paragominas,BR,2020-06-24 22:22:38,-2.97,-47.48,74.48,93,17,4.85
90,Kyzyl-Suu,KG,2020-06-24 22:22:38,42.34,78.0,52.11,56,97,1.99
91,Katsuura,JP,2020-06-24 22:14:14,35.13,140.3,68.0,100,75,4.7
92,Aswan,EG,2020-06-24 22:22:39,24.09,32.91,91.4,14,19,11.41
93,Progreso,MX,2020-06-24 22:14:30,21.28,-89.67,93.99,55,90,13.87
94,Sovetskiy,RU,2020-06-24 22:19:05,61.36,63.58,46.69,79,90,8.57
95,Susuman,RU,2020-06-24 22:22:39,62.78,148.17,69.57,49,0,0.76
96,Dodge City,US,2020-06-24 22:19:56,37.75,-100.02,95.0,30,20,14.99
97,Marsa Matruh,EG,2020-06-24 22:15:46,31.35,27.25,71.6,78,40,8.05
98,Kampong Chhnang,KH,2020-06-24 22:22:39,12.17,104.55,78.58,87,99,1.9
99,Roma,US,2020-06-24 22:21:31,43.21,-75.46,73.4,49,1,16.11
100,Jamestown,US,2020-06-24 22:13:32,42.1,-79.24,69.01,52,20,13.87
101,Tautira,PF,2020-06-24 22:22:39,-17.73,-149.15,80.6,78,75,14.99
102,Hilo,US,2020-06-24 22:12:12,19.73,-155.09,80.6,69,90,16.11
103,Shubarkuduk,KZ,2020-06-24 22:22:40,49.14,56.49,65.95,57,100,8.68
104,Tiksi,RU,2020-06-24 22:13:52,71.69,128.87,65.14,45,16,2.8
105,Geraldton,AU,2020-06-24 22:14:56,-28.77,114.6,55.4,71,3,9.17
106,Teya,RU,2020-06-24 22:21:05,60.38,92.63,61.36,82,100,1.68
107,Isangel,VU,2020-06-24 22:22:40,-19.55,169.27,77.0,88,75,9.69
108,Chokurdakh,RU,2020-06-24 22:15:10,70.63,147.92,72.77,34,40,4.47
109,Kota Kinabalu,MY,2020-06-24 22:22:40,5.97,116.07,77.0,100,20,2.24
110,Sweetwater,US,2020-06-24 22:22:40,25.76,-80.37,91.4,59,40,10.29
111,Ponta Do Sol,PT,2020-06-24 22:14:11,32.67,-17.1,71.6,60,20,9.17
112,Luanda,AO,2020-06-24 22:12:36,-8.84,13.23,75.2,78,75,4.7
113,Mahebourg,MU,2020-06-24 22:14:17,-20.41,57.7,71.6,83,40,9.17
114,Porto Velho,BR,2020-06-24 22:19:55,-8.76,-63.9,86.0,62,40,3.36
115,Pangnirtung,CA,2020-06-24 22:14:49,66.15,-65.71,39.2,93,90,12.75
116,Xuddur,SO,2020-06-24 22:22:42,4.12,43.89,73.98,75,5,18.19
117,Sergeyevka,KZ,2020-06-24 22:22:42,53.88,67.42,52.65,91,7,6.93
118,Dedza,MW,2020-06-24 22:22:42,-14.38,34.33,50.31,96,1,3.6
119,Tondano,ID,2020-06-24 22:22:42,1.3,124.91,75.2,94,40,1.97
120,Georgetown,MY,2020-06-24 22:12:25,5.41,100.34,77.0,94,20,8.46
121,Salalah,OM,2020-06-24 22:14:10,17.02,54.09,84.2,83,38,4.7
122,Ferme-Neuve,CA,2020-06-24 22:22:42,46.7,-75.45,62.35,70,96,14.32
123,Grand Gaube,MU,2020-06-24 22:15:39,-20.01,57.66,70.0,85,8,5.99
124,Yambio,SS,2020-06-24 22:22:42,4.57,28.4,68.14,93,32,1.54
125,Amapa,BR,2020-06-24 22:22:42,1.0,-52.0,74.34,97,96,2.75
126,Makakilo City,US,2020-06-24 22:15:15,21.35,-158.09,84.2,57,90,9.17
127,Kodiak,US,2020-06-24 22:15:13,57.79,-152.41,53.6,76,75,8.05
128,Yeppoon,AU,2020-06-24 22:14:35,-23.13,150.73,48.2,81,0,6.11
129,Banning,US,2020-06-24 22:18:57,33.93,-116.88,97.0,28,100,1.99
130,Wilmington Island,US,2020-06-24 22:22:43,32.0,-80.97,91.4,49,20,9.17
131,Kaitangata,NZ,2020-06-24 22:15:18,-46.28,169.85,46.99,92,94,15.99
132,Thompson,CA,2020-06-24 22:13:38,55.74,-97.86,84.2,28,75,12.75
133,Arlit,NE,2020-06-24 22:18:32,18.74,7.39,94.77,10,21,8.3
134,San Quintin,MX,2020-06-24 22:14:57,30.48,-115.95,68.92,69,2,11.45
135,Beira,MZ,2020-06-24 22:14:12,-19.84,34.84,71.6,83,0,6.93
136,Ayan,RU,2020-06-24 22:13:54,56.45,138.17,44.38,92,100,3.06
137,Saskylakh,RU,2020-06-24 22:13:56,71.92,114.08,79.77,31,2,5.57
138,Hargeysa,SO,2020-06-24 22:22:44,9.56,44.06,72.86,62,85,24.74
139,Arraial Do Cabo,BR,2020-06-24 22:14:18,-22.97,-42.03,73.4,73,21,11.41
140,Clyde River,CA,2020-06-24 22:14:13,70.47,-68.59,46.4,70,1,14.99
141,Saint George,US,2020-06-24 22:10:43,37.1,-113.58,106.0,7,1,11.41
142,Zhob,PK,2020-06-24 22:22:44,31.34,69.45,81.99,35,0,16.06
143,Kaura Namoda,NG,2020-06-24 22:22:44,12.59,6.58,89.29,41,41,11.36
144,Santa Isabel Do Rio Negro,BR,2020-06-24 22:13:44,-0.41,-65.02,78.39,89,100,1.99
145,Mareeba,AU,2020-06-24 22:22:45,-17.0,145.43,71.6,73,90,10.29
146,Provideniya,RU,2020-06-24 22:14:05,64.38,-173.3,42.8,62,75,13.42
147,Vaitape,PF,2020-06-24 22:22:45,-16.52,-151.75,80.58,82,20,9.4
148,Monrovia,LR,2020-06-24 22:22:45,6.3,-10.8,77.0,94,75,10.09
149,Cabo San Lucas,MX,2020-06-24 22:14:13,22.89,-109.91,93.2,12,5,19.46
150,Zabol,AF,2020-06-24 22:22:45,32.25,67.25,66.85,25,0,2.82
151,Kloulklubed,PW,2020-06-24 22:20:25,7.04,134.26,77.0,94,75,9.13
152,Agapovka,RU,2020-06-24 22:22:45,53.3,59.13,53.6,87,75,6.71
153,Russkaya Polyana,UA,2020-06-24 22:14:27,49.42,31.92,61.83,87,35,8.14
154,Honningsvag,NO,2020-06-24 22:22:46,70.98,25.97,48.2,76,75,18.34
155,Olesnica,PL,2020-06-24 22:20:24,51.21,17.39,62.01,100,99,2.86
156,Ariquemes,BR,2020-06-24 22:22:46,-9.91,-63.04,81.09,66,72,1.21
157,Praia Da Vitoria,PT,2020-06-24 22:13:51,38.73,-27.07,64.4,77,20,9.28
158,Port Said,EG,2020-06-24 22:14:05,31.26,32.28,75.2,78,0,12.75
159,Thai Nguyen,VN,2020-06-24 22:22:46,21.59,105.84,84.2,83,100,6.93
160,Portland,US,2020-06-24 22:15:17,45.52,-122.68,78.01,57,75,3.36
161,Pringsewu,ID,2020-06-24 22:22:46,-5.36,104.97,71.71,93,73,0.67
162,Maitum,PH,2020-06-24 22:22:46,6.04,124.5,78.51,79,93,4.65
163,Urcos,PE,2020-06-24 22:22:46,-13.69,-71.62,68.0,10,8,13.87
164,Gazanjyk,TM,2020-06-24 22:22:47,39.24,55.52,86.7,15,0,13.85
165,Inuvik,CA,2020-06-24 22:20:45,68.35,-133.72,50.0,46,90,2.24
166,Tromso,NO,2020-06-24 22:09:48,69.65,18.96,51.8,66,28,16.11
167,Cherskiy,RU,2020-06-24 22:13:46,68.75,161.3,57.9,36,62,3.42
168,Caraubas,BR,2020-06-24 22:22:47,-5.79,-37.56,78.06,71,99,9.98
169,Wilmington,US,2020-06-24 22:20:42,34.23,-77.94,88.0,58,40,6.93
170,Airai,TL,2020-06-24 22:13:51,-8.93,125.41,57.24,100,47,3.76
171,Port Alfred,ZA,2020-06-24 22:15:04,-33.59,26.89,68.0,31,0,8.01
172,Marshall,US,2020-06-24 22:22:47,34.38,-86.33,73.99,88,90,5.82
173,Mpika,ZM,2020-06-24 22:14:20,-11.83,31.45,58.51,75,34,9.55
174,Labuhan,ID,2020-06-24 22:18:24,-6.88,112.21,75.38,86,82,6.96
175,Acapulco,MX,2020-06-24 22:18:11,16.86,-99.89,87.8,58,90,9.17
176,Roald,NO,2020-06-24 22:12:10,62.58,6.13,63.0,77,74,10.29
177,Hofn,IS,2020-06-24 22:14:03,64.25,-15.21,50.49,90,95,6.31
178,Black Forest,US,2020-06-24 22:20:45,39.01,-104.7,80.6,21,1,13.87
179,Dhidhdhoo,MV,2020-06-24 22:22:48,6.88,73.1,83.46,77,100,18.72
180,Show Low,US,2020-06-24 22:22:48,34.25,-110.03,91.4,8,1,13.87
181,Buzmeyin,TM,2020-06-24 22:22:48,38.05,58.21,80.6,26,0,4.7
182,Itoman,JP,2020-06-24 22:22:48,26.12,127.67,82.4,94,75,10.29
183,Barinas,VE,2020-06-24 22:22:49,8.62,-70.21,83.59,75,2,5.08
184,Byron Bay,AU,2020-06-24 22:13:37,-28.65,153.62,53.01,76,0,3.36
185,Henderson,US,2020-06-24 22:22:49,36.04,-114.98,106.0,7,1,17.22
186,Carnarvon,AU,2020-06-24 22:15:04,-24.87,113.63,53.6,100,0,8.05
187,Tupiza,BO,2020-06-24 22:22:49,-21.45,-65.72,56.57,25,0,11.14
188,Bredasdorp,ZA,2020-06-24 22:14:11,-34.53,20.04,51.8,100,0,4.07
189,Berlevag,NO,2020-06-24 22:22:27,70.86,29.09,48.2,76,75,18.34
190,Pisco,PE,2020-06-24 22:14:07,-13.7,-76.22,64.99,82,40,8.05
191,Kichera,RU,2020-06-24 22:20:28,55.94,110.1,61.0,57,9,1.72
192,Cidreira,BR,2020-06-24 22:14:36,-30.18,-50.21,68.74,71,29,7.2
193,Kavieng,PG,2020-06-24 22:15:24,-2.57,150.8,84.6,70,62,12.12
194,Karratha,AU,2020-06-24 22:13:29,-20.74,116.85,66.09,62,0,6.11
195,Inongo,CD,2020-06-24 22:14:48,-1.95,18.27,75.63,58,15,4.34
196,Bacolod,PH,2020-06-24 22:22:50,10.67,122.95,80.06,78,100,2.24
197,Uxbridge,US,2020-06-24 22:22:50,42.08,-71.63,84.99,60,48,5.14
198,Ikwiriri,TZ,2020-06-24 22:22:50,-7.96,38.97,70.63,95,46,3.33
199,Joao Pinheiro,BR,2020-06-24 22:22:50,-17.74,-46.17,65.66,71,17,1.43
200,Lebu,CL,2020-06-24 22:14:57,-37.62,-73.65,48.58,80,4,4.27
201,Polunochnoye,RU,2020-06-24 22:22:51,60.87,60.42,40.12,82,92,6.08
202,Ancud,CL,2020-06-24 22:15:05,-41.87,-73.82,44.6,81,75,5.82
203,Rock Sound,BS,2020-06-24 22:14:38,24.9,-76.2,83.17,75,17,7.25
204,Bengkulu,ID,2020-06-24 22:14:13,-3.8,102.27,77.0,69,100,2.98
205,Rodos,GR,2020-06-24 22:19:27,36.44,28.22,75.0,83,20,11.41
206,Moscow,RU,2020-06-24 22:20:46,55.75,37.62,60.8,54,0,4.47
207,Zhigansk,RU,2020-06-24 22:15:33,66.77,123.37,67.86,56,31,11.14
208,Mucuri,BR,2020-06-24 22:22:51,-18.09,-39.55,72.39,76,27,7.16
209,Fortuna,US,2020-06-24 22:14:06,40.6,-124.16,66.0,82,1,14.99
210,Beringovskiy,RU,2020-06-24 22:22:51,63.05,179.32,41.2,92,100,9.1
211,Tucuman,AR,2020-06-24 22:21:55,-26.82,-65.22,55.4,93,90,3.8
212,Constantine,DZ,2020-06-24 22:18:11,36.37,6.61,75.2,44,0,3.36
213,Viransehir,TR,2020-06-24 22:22:52,37.24,39.76,76.73,36,0,7.99
214,Pauini,BR,2020-06-24 22:22:35,-7.71,-66.98,77.72,93,88,1.36
215,Churapcha,RU,2020-06-24 22:22:52,62.0,132.43,67.96,51,0,6.31
216,Kholm,RU,2020-06-24 22:22:52,59.27,32.85,60.26,70,36,4.81
217,Pemba,MZ,2020-06-24 22:13:49,-12.97,40.52,75.2,78,20,17.22
218,Lusambo,CD,2020-06-24 22:22:52,-4.97,23.45,74.79,44,48,1.7
219,Laguna,US,2020-06-24 22:13:46,38.42,-121.42,96.01,30,1,4.7
220,Maumere,ID,2020-06-24 22:22:52,-8.62,122.21,77.13,81,85,5.97
221,Hobyo,SO,2020-06-24 22:14:22,5.35,48.53,79.63,72,0,24.49
222,Nemuro,JP,2020-06-24 22:22:52,43.32,145.57,51.06,85,98,6.08
223,Jiuquan,CN,2020-06-24 22:22:53,39.74,98.52,61.07,28,11,1.03
224,Bhakkar,PK,2020-06-24 22:22:53,31.63,71.07,99.57,30,62,17.34
225,Olafsvik,IS,2020-06-24 22:14:17,64.89,-23.71,50.86,82,14,7.63
226,Saldanha,ZA,2020-06-24 22:15:15,-33.01,17.94,53.6,87,0,5.82
227,Galle,LK,2020-06-24 22:22:53,6.04,80.22,80.8,84,100,10.33
228,Vostok,RU,2020-06-24 22:15:08,46.49,135.88,52.52,100,100,2.55
229,Hithadhoo,MV,2020-06-24 22:13:47,-0.6,73.08,83.08,78,98,10.58
230,Farafangana,MG,2020-06-24 22:14:08,-22.82,47.83,66.78,84,6,4.41
231,Ibra,OM,2020-06-24 22:22:53,22.69,58.53,79.5,80,22,2.66
232,Paslek,PL,2020-06-24 22:22:53,54.06,19.66,64.99,82,0,8.61
233,Belmonte,BR,2020-06-24 22:14:03,-15.86,-38.88,71.6,88,20,3.36
234,Ust-Omchug,RU,2020-06-24 22:22:54,61.15,149.63,69.12,51,59,2.57
235,Kismayo,SO,2020-06-24 22:22:54,-0.36,42.55,78.26,83,38,17.78
236,Teahupoo,PF,2020-06-24 22:22:54,-17.83,-149.27,80.6,78,75,14.99
237,Coahuayana,MX,2020-06-24 22:22:54,18.73,-103.68,82.4,69,75,17.22
238,Bundaberg,AU,2020-06-24 22:22:54,-24.85,152.35,44.6,81,0,5.82
239,Lakhipur,IN,2020-06-24 22:22:54,26.03,90.3,78.6,89,90,2.8
240,Pitiquito,MX,2020-06-24 22:21:51,30.7,-112.08,106.0,19,11,4.0
241,Borodino,RU,2020-06-24 22:22:54,55.91,94.9,61.68,85,94,2.75
242,Kropotkin,RU,2020-06-24 22:22:54,45.44,40.58,65.39,93,100,4.99
243,Nouadhibou,MR,2020-06-24 22:14:38,20.93,-17.03,71.6,73,0,14.99
244,Terney,RU,2020-06-24 22:13:56,45.05,136.61,53.31,93,100,5.35
245,Hamilton,US,2020-06-24 22:14:07,39.18,-84.53,81.0,44,20,8.05
246,Hailey,US,2020-06-24 22:22:55,43.52,-114.32,82.4,24,40,11.41
247,Araouane,ML,2020-06-24 22:20:32,18.9,-3.53,92.01,8,0,0.78
248,Marsh Harbour,BS,2020-06-24 22:14:36,26.54,-77.06,83.77,74,93,7.09
249,Inhambane,MZ,2020-06-24 22:22:55,-23.86,35.38,66.27,77,11,6.24
250,Elizabeth City,US,2020-06-24 22:14:20,36.29,-76.25,91.99,66,40,12.75
251,Twin Falls,US,2020-06-24 22:20:04,42.56,-114.46,91.4,21,1,4.7
252,Were Ilu,ET,2020-06-24 22:22:55,10.6,39.43,57.63,58,100,8.41
253,Kudahuvadhoo,MV,2020-06-24 22:22:55,2.67,72.89,83.39,77,56,14.07
254,Skjervoy,NO,2020-06-24 22:22:55,70.03,20.97,50.52,74,38,7.25
255,San Ramon De La Nueva Oran,AR,2020-06-24 22:22:56,-23.13,-64.33,72.3,64,0,3.02
256,Constitucion,CL,2020-06-24 22:15:13,-35.33,-72.42,50.22,78,99,9.93
257,Codrington,AU,2020-06-24 22:14:20,-38.27,141.97,45.73,92,0,12.3
258,Manaus,BR,2020-06-24 22:21:39,-3.1,-60.02,86.0,74,20,4.7
259,Buala,SB,2020-06-24 22:14:33,-8.14,159.59,83.5,70,3,5.46
260,Bosaso,SO,2020-06-24 22:22:56,11.28,49.18,90.84,49,20,10.27
261,Daru,PG,2020-06-24 22:19:27,-9.08,143.21,78.4,89,22,13.62
262,Moron,AR,2020-06-24 22:19:55,-34.65,-58.62,55.99,79,100,5.01
263,Lipin Bor,RU,2020-06-24 22:20:06,60.26,37.98,56.25,62,85,3.62
264,Muroran,JP,2020-06-24 22:22:56,42.32,140.99,60.8,82,75,11.41
265,Iqaluit,CA,2020-06-24 22:13:57,63.75,-68.51,46.0,81,90,3.36
266,Grindavik,IS,2020-06-24 22:14:56,63.84,-22.43,48.2,87,75,8.05
267,Yar-Sale,RU,2020-06-24 22:22:57,66.83,70.83,45.97,68,45,7.58
268,Husavik,IS,2020-06-24 22:10:16,66.04,-17.34,55.4,71,40,20.8
269,Jodhpur,IN,2020-06-24 22:22:57,26.29,73.03,90.1,49,94,9.1
270,Bilma,NE,2020-06-24 22:20:42,18.69,12.92,90.41,11,0,5.41
271,Edd,ER,2020-06-24 22:22:57,13.93,41.69,87.91,62,69,4.56
272,Vila Velha,BR,2020-06-24 22:13:33,-20.33,-40.29,73.4,73,42,9.17
273,Warrington,GB,2020-06-24 22:20:48,53.39,-2.58,75.99,93,4,8.05
274,Tabriz,IR,2020-06-24 22:22:58,38.08,46.29,77.0,29,0,4.7
275,Pevek,RU,2020-06-24 22:14:10,69.7,170.31,32.05,97,91,5.73
276,Porto Novo,BJ,2020-06-24 22:22:58,6.5,2.6,80.6,88,40,11.41
277,East London,ZA,2020-06-24 22:14:36,-33.02,27.91,68.88,26,0,6.62
278,Tabas,IR,2020-06-24 22:22:58,33.6,56.92,84.2,16,0,6.93
279,Qingyuan,CN,2020-06-24 22:22:58,23.7,113.03,86.0,66,75,8.95
280,Ixtapa,MX,2020-06-24 22:20:25,20.7,-105.2,86.0,74,75,17.22
281,Yerbogachen,RU,2020-06-24 22:14:16,61.28,108.01,58.89,77,0,1.68
282,Karaidel,RU,2020-06-24 22:22:59,55.83,56.91,43.02,82,77,4.54
283,Narsaq,GL,2020-06-24 22:22:59,60.92,-46.05,46.4,75,100,3.36
284,Vanavara,RU,2020-06-24 22:22:59,60.34,102.28,61.25,63,0,1.03
285,Hokitika,NZ,2020-06-24 22:22:59,-42.72,170.97,52.12,67,0,6.46
286,Paita,PE,2020-06-24 22:22:59,-5.09,-81.11,67.46,77,70,16.73
287,Megion,RU,2020-06-24 22:22:59,61.03,76.11,57.2,82,80,4.47
288,La Ronge,CA,2020-06-24 22:14:32,55.1,-105.28,66.2,88,75,3.36
289,Griffith,US,2020-06-24 22:19:52,41.53,-87.42,78.01,56,1,4.7
290,Dayong,CN,2020-06-24 22:23:00,25.02,118.29,84.2,83,100,6.71
291,Kavaratti,IN,2020-06-24 22:14:37,10.57,72.64,83.23,75,99,12.28
292,Te Anau,NZ,2020-06-24 22:14:04,-45.42,167.72,39.42,86,63,1.54
293,Hauterive,FR,2020-06-24 22:23:00,46.09,3.45,75.2,50,0,9.17
294,Butaritari,KI,2020-06-24 22:13:42,3.07,172.79,83.61,77,89,11.86
295,Cayenne,GF,2020-06-24 22:11:41,4.93,-52.33,78.8,94,75,6.51
296,Simao,CN,2020-06-24 22:23:00,22.79,100.97,65.75,95,100,0.96
297,Manado,ID,2020-06-24 22:23:00,1.49,124.85,75.2,94,40,3.56
298,Bestobe,KZ,2020-06-24 22:23:00,52.5,73.1,62.92,48,100,11.03
299,Fredonia,US,2020-06-24 22:23:00,42.44,-79.33,69.8,49,1,13.87
300,Bella Union,UY,2020-06-24 22:23:01,-30.28,-57.6,68.52,91,100,7.18
301,Bay Roberts,CA,2020-06-24 22:23:01,47.6,-53.26,75.0,39,42,9.75
302,Yatou,CN,2020-06-24 22:23:01,37.15,122.38,67.48,88,100,14.97
303,Limbang,MY,2020-06-24 22:23:01,4.75,115.0,78.8,88,75,5.82
304,Kununurra,AU,2020-06-24 22:23:01,-15.77,128.73,64.4,32,0,8.05
305,Gat,IL,2020-06-24 22:09:03,31.61,34.76,75.0,66,0,3.38
306,Alofi,NU,2020-06-24 22:14:58,-19.06,-169.92,78.8,78,40,5.82
307,Kijini,TZ,2020-06-24 22:23:01,-5.85,39.32,78.8,83,20,10.29
308,Kokkola,FI,2020-06-24 22:23:01,63.84,23.13,62.01,87,100,2.24
309,Rio Grande,BR,2020-06-24 22:22:01,-32.03,-52.1,63.0,93,94,6.82
310,Allende,MX,2020-06-24 22:23:02,25.28,-100.02,91.4,43,75,8.05
311,Akdepe,TM,2020-06-24 22:13:46,42.06,59.38,71.6,35,0,6.93
312,Ternate,ID,2020-06-24 22:23:02,0.8,127.4,80.46,79,100,4.74
313,Goderich,CA,2020-06-24 22:23:02,43.75,-81.72,68.0,70,0,18.7
314,Hasaki,JP,2020-06-24 22:14:03,35.73,140.83,64.99,100,75,10.29
315,Coos Bay,US,2020-06-24 22:23:02,43.37,-124.22,80.01,82,20,12.75
316,Ornskoldsvik,SE,2020-06-24 22:23:02,63.29,18.72,62.6,67,2,3.36
317,Lanivtsi,UA,2020-06-24 22:23:03,49.86,26.09,61.43,93,73,8.16
318,Brae,GB,2020-06-24 22:23:03,60.4,-1.35,51.8,87,41,10.29
319,Teberda,RU,2020-06-24 22:13:32,43.45,41.74,55.33,66,29,6.11
320,Amga,RU,2020-06-24 22:14:33,60.9,131.96,66.15,56,8,5.48
321,Port Hawkesbury,CA,2020-06-24 22:14:58,45.62,-61.35,77.0,69,1,11.41
322,Yasnyy,RU,2020-06-24 22:23:03,51.03,59.87,56.91,74,74,5.26
323,Klaksvik,FO,2020-06-24 22:15:11,62.23,-6.59,50.0,93,41,16.11
324,Adrar,MR,2020-06-24 22:15:11,20.5,-10.07,99.07,13,2,2.98
325,Peniche,PT,2020-06-24 22:23:03,39.36,-9.38,64.99,83,39,11.01
326,Tura,IN,2020-06-24 22:19:07,25.52,90.22,75.34,93,100,6.55
327,Bathsheba,BB,2020-06-24 22:20:34,13.22,-59.52,84.2,70,40,23.04
328,Dubbo,AU,2020-06-24 22:12:08,-32.25,148.62,48.2,93,90,1.97
329,Maridi,SS,2020-06-24 22:23:04,4.92,29.47,68.14,91,87,2.33
330,Avera,US,2020-06-24 22:13:58,33.19,-82.53,87.8,52,40,9.17
331,Daan,CN,2020-06-24 22:23:04,33.06,106.3,68.0,87,46,1.97
332,Alice Springs,AU,2020-06-24 22:15:15,-23.7,133.88,32.0,75,1,5.82
333,Severo-Kurilsk,RU,2020-06-24 22:14:01,50.68,156.12,51.57,77,8,7.2
334,Connersville,US,2020-06-24 22:20:52,39.64,-85.14,79.0,52,13,1.99
335,Ugoofaaru,MV,2020-06-24 22:23:04,5.67,73.0,83.1,80,78,18.57
336,Boundiali,CI,2020-06-24 22:23:04,9.52,-6.49,78.4,66,33,4.0
337,Opuwo,NA,2020-06-24 22:23:04,-18.06,13.84,56.43,38,0,8.57
338,Dingle,PH,2020-06-24 22:15:11,11.0,122.67,78.71,85,100,4.79
339,Deputatskiy,RU,2020-06-24 22:18:18,69.3,139.9,72.77,34,0,3.51
340,Mount Gambier,AU,2020-06-24 22:15:04,-37.83,140.77,44.6,93,75,11.41
341,Cabedelo,BR,2020-06-24 22:23:05,-6.98,-34.83,77.0,78,20,8.05
342,Lasa,IT,2020-06-24 22:14:25,46.62,10.7,59.0,77,5,1.12
343,Sinazongwe,ZM,2020-06-24 22:23:05,-17.26,27.46,62.96,56,1,1.9
344,Mehamn,NO,2020-06-24 22:13:54,71.04,27.85,48.2,76,75,18.34
345,Ulaangom,MN,2020-06-24 22:23:05,49.98,92.07,60.01,51,87,1.45
346,San Andres,CO,2020-06-24 22:22:24,12.58,-81.7,86.0,74,90,11.41
347,Zeerust,ZA,2020-06-24 22:23:06,-25.54,26.08,42.8,56,0,4.7
348,Santa Cruz De La Palma,ES,2020-06-24 22:23:06,28.68,-17.76,73.4,69,75,17.22
349,Mount Isa,AU,2020-06-24 22:13:30,-20.73,139.5,39.2,55,0,12.39
350,Longyearbyen,SJ,2020-06-24 22:14:11,78.22,15.64,42.8,87,90,2.24
351,Las Vegas,US,2020-06-24 22:22:24,36.17,-115.14,106.0,7,1,12.75
352,Nome,US,2020-06-24 22:14:35,64.5,-165.41,46.99,49,90,5.82
353,Manokwari,ID,2020-06-24 22:23:06,-0.87,134.08,81.39,69,14,5.08
354,Itaituba,BR,2020-06-24 22:23:06,-4.28,-55.98,91.4,46,20,5.82
355,Lewiston,US,2020-06-24 22:23:06,44.1,-70.21,75.2,88,75,9.17
356,Turochak,RU,2020-06-24 22:23:07,52.26,87.12,56.46,92,100,3.36
357,Kitimat,CA,2020-06-24 22:23:07,54.05,-128.65,71.01,51,66,1.99
358,Newport,GB,2020-06-24 22:21:14,51.59,-3.0,73.0,71,0,6.42
359,Presidente Dutra,BR,2020-06-24 22:23:07,-5.29,-44.49,78.69,70,65,3.36
360,College,US,2020-06-24 22:14:45,64.86,-147.8,59.0,67,90,3.36
361,Ulverstone,AU,2020-06-24 22:23:07,-41.15,146.17,53.01,89,99,1.99
362,Zeya,RU,2020-06-24 22:23:07,53.75,127.27,62.44,62,0,1.86
363,Bambous Virieux,MU,2020-06-24 22:14:36,-20.34,57.76,71.6,83,40,9.17
364,Lagos,NG,2020-06-24 22:22:21,6.58,3.75,80.6,83,20,2.24
365,Kruisfontein,ZA,2020-06-24 22:14:04,-34.0,24.73,60.93,31,0,7.47
366,Wabag,PG,2020-06-24 22:23:08,-5.48,143.7,56.95,89,70,1.16
367,Puerto Suarez,BO,2020-06-24 22:23:08,-18.95,-57.8,86.0,42,100,11.41
368,Tignere,CM,2020-06-24 22:23:08,7.37,12.65,65.25,88,100,0.78
369,Faanui,PF,2020-06-24 22:13:42,-16.48,-151.75,79.75,83,18,9.15
370,Port-Cartier,CA,2020-06-24 22:13:55,50.03,-66.87,73.4,64,75,9.17
371,Mouila,GA,2020-06-24 22:23:08,-1.87,11.06,72.55,88,100,2.06
372,Taltal,CL,2020-06-24 22:14:16,-25.4,-70.48,58.41,76,76,3.83
373,Kiri Buru,IN,2020-06-24 22:23:09,22.08,85.35,76.95,84,9,4.23
374,Kisanga,TZ,2020-06-24 22:23:09,-7.44,37.7,69.78,77,42,1.32
375,Provost,CA,2020-06-24 22:23:09,52.35,-110.27,70.74,56,89,10.6
376,Sao Paulo De Olivenca,BR,2020-06-24 22:23:09,-3.38,-68.87,80.31,84,90,1.03
377,Vardo,NO,2020-06-24 22:14:12,70.37,31.11,48.2,76,91,10.29
378,Cururupu,BR,2020-06-24 22:18:32,-1.83,-44.87,76.57,88,25,3.98
379,Cockburn Town,TC,2020-06-24 22:20:28,21.46,-71.14,82.63,80,2,16.17
380,Bilibino,RU,2020-06-24 22:15:15,68.05,166.44,54.88,41,31,3.33
381,Elk City,US,2020-06-24 22:23:10,35.41,-99.4,87.8,33,1,10.29
382,Ngunguru,NZ,2020-06-24 22:23:10,-35.62,174.5,55.0,99,35,1.01
383,Nguruka,TZ,2020-06-24 22:23:10,-5.11,31.04,67.44,55,12,3.78
384,Luderitz,NA,2020-06-24 22:14:02,-26.65,15.16,64.4,38,0,4.7
385,Lorengau,PG,2020-06-24 22:15:07,-2.02,147.27,83.05,80,3,11.52
386,Sakakah,SA,2020-06-24 22:14:07,29.97,40.21,84.2,10,2,13.87
387,Port Hedland,AU,2020-06-24 22:15:02,-20.32,118.57,55.4,82,0,8.05
388,Bijawar,IN,2020-06-24 22:23:10,24.63,79.5,86.34,63,79,11.01
389,Mackay,AU,2020-06-24 22:20:21,-21.15,149.2,44.6,93,0,4.7
390,Caucaia,BR,2020-06-24 22:23:10,-3.74,-38.65,78.8,74,75,4.7
391,Borovskoy,KZ,2020-06-24 22:23:10,53.8,64.15,51.03,93,0,6.06
392,Culpeper,US,2020-06-24 22:19:28,38.5,-77.97,84.99,37,40,6.93
393,Ambon,ID,2020-06-24 22:23:11,-3.7,128.18,80.01,88,75,10.29
394,Hualmay,PE,2020-06-24 22:23:11,-11.1,-77.61,64.85,76,51,10.83
395,Batagay,RU,2020-06-24 22:14:25,67.63,134.63,82.47,29,0,1.39
396,San Patricio,MX,2020-06-24 22:15:23,19.22,-104.7,86.0,74,40,9.17
397,Auki,SB,2020-06-24 22:23:11,-8.77,160.7,82.62,73,1,3.29
398,Omsukchan,RU,2020-06-24 22:14:43,62.53,155.8,71.13,29,1,5.46
399,Samarai,PG,2020-06-24 22:14:06,-10.62,150.67,79.63,85,62,18.01
400,Whitley Bay,GB,2020-06-24 22:23:11,55.04,-1.45,63.0,72,0,3.36
401,Wawa,NG,2020-06-24 22:23:12,9.9,4.42,80.92,69,5,1.07
402,Ca Mau,VN,2020-06-24 22:23:12,9.18,105.15,78.94,91,100,4.03
403,General Bravo,MX,2020-06-24 22:23:12,25.8,-99.17,96.46,37,57,11.14
404,Tutayev,RU,2020-06-24 22:23:12,57.89,39.54,48.2,93,0,2.53
405,Srednekolymsk,RU,2020-06-24 22:14:04,67.45,153.68,73.22,28,62,5.37
406,Ndioum,SN,2020-06-24 22:23:12,16.51,-14.65,91.54,37,62,17.38
407,Haikou,CN,2020-06-24 22:23:12,20.05,110.34,82.4,88,100,8.95
408,Mehran,IR,2020-06-24 22:23:12,33.12,46.16,71.6,24,0,4.7
409,Moroni,KM,2020-06-24 22:23:12,-11.7,43.26,76.91,78,11,14.38
410,Terrace Bay,CA,2020-06-24 22:23:13,48.78,-87.1,68.0,45,75,10.29
411,Inta,RU,2020-06-24 22:23:13,66.03,60.17,43.16,86,99,6.58
412,Nanortalik,GL,2020-06-24 22:15:20,60.14,-45.24,44.53,72,100,3.71
413,Tofield,CA,2020-06-24 22:23:13,53.37,-112.67,73.99,47,100,4.0
414,Tupik,RU,2020-06-24 22:23:13,54.43,119.93,58.87,66,73,3.24
415,Folldal,NO,2020-06-24 22:23:13,62.13,10.0,61.61,51,44,4.23
416,Sitka,US,2020-06-24 22:14:00,57.05,-135.33,53.6,71,90,10.29
417,Komsomolskiy,UZ,2020-06-24 22:15:41,40.43,71.72,73.4,33,0,9.17
418,Ishigaki,JP,2020-06-24 22:23:13,24.34,124.16,84.2,94,75,17.22
419,La Cruz,MX,2020-06-24 22:23:13,23.92,-106.9,90.0,59,0,8.99
420,Hami,CN,2020-06-24 22:23:14,42.8,93.45,80.85,19,99,13.87
421,Rasra,IN,2020-06-24 22:23:14,25.85,83.85,89.37,63,91,4.65
422,Nagua,DO,2020-06-24 22:23:14,19.38,-69.85,84.2,79,40,11.41
423,Batagay-Alyta,RU,2020-06-24 22:12:05,67.8,130.41,77.18,31,69,0.74
424,Broome,US,2020-06-24 22:14:01,42.25,-75.83,75.0,46,20,9.17
425,Iskateley,RU,2020-06-24 22:14:48,67.68,53.15,40.71,88,100,14.29
426,Kaeo,NZ,2020-06-24 22:14:33,-35.1,173.78,54.0,3,1,0.43
427,Kutum,SD,2020-06-24 22:14:10,14.2,24.67,75.76,38,52,9.66
428,Giyani,ZA,2020-06-24 22:23:14,-23.3,30.72,54.64,59,0,2.93
429,Kapit,MY,2020-06-24 22:23:15,2.02,112.93,72.66,94,100,0.85
430,Jalu,LY,2020-06-24 22:23:15,29.03,21.55,76.26,51,0,14.07
431,General Pico,AR,2020-06-24 22:23:15,-35.66,-63.76,45.91,84,100,6.31
432,Rocha,UY,2020-06-24 22:13:37,-34.48,-54.33,58.03,95,97,4.27
433,Mashhad,IR,2020-06-24 22:23:15,36.3,59.61,75.2,22,0,4.7
434,Saint-Francois,FR,2020-06-24 22:23:15,46.42,3.91,75.2,57,1,4.7
435,Chingirlau,KZ,2020-06-24 22:23:15,51.09,54.08,59.56,83,89,4.74
436,Kushmurun,KZ,2020-06-24 22:23:16,52.45,64.63,56.14,80,34,5.37
437,Eureka,US,2020-06-24 22:21:12,40.8,-124.16,66.0,80,93,5.01
438,Zaraza,VE,2020-06-24 22:23:16,9.35,-65.32,78.94,84,74,8.5
439,Menongue,AO,2020-06-24 22:23:16,-14.66,17.69,49.86,48,0,4.07
440,Oranjemund,NA,2020-06-24 22:23:16,-28.55,16.43,61.99,42,0,5.84
441,Klishkivtsi,UA,2020-06-24 22:23:16,48.43,26.26,66.0,91,37,5.01
442,High Level,CA,2020-06-24 22:23:16,58.52,-117.14,75.2,25,40,9.17
443,Klyuchi,RU,2020-06-24 22:23:16,52.27,79.17,59.29,86,29,7.43
444,Saint Anthony,US,2020-06-24 22:21:34,45.02,-93.22,80.6,36,75,8.05
445,Port Lincoln,AU,2020-06-24 22:14:32,-34.73,135.87,55.27,78,6,11.07
446,Cunduacan,MX,2020-06-24 22:20:46,18.07,-93.17,91.4,63,40,8.05
447,Tiarei,PF,2020-06-24 22:23:17,-17.53,-149.33,80.6,78,75,14.99
448,Kahului,US,2020-06-24 22:13:44,20.89,-156.47,87.8,52,40,18.34
449,Sept-Iles,CA,2020-06-24 22:23:17,50.2,-66.38,73.4,64,75,9.17
450,Chapais,CA,2020-06-24 22:23:17,49.78,-74.85,73.4,60,75,19.46
451,Namatanai,PG,2020-06-24 22:13:50,-3.67,152.43,82.24,71,48,7.05
452,Agaro,ET,2020-06-24 22:23:17,7.85,36.65,58.28,87,4,1.88
453,Buraydah,SA,2020-06-24 22:13:59,26.33,43.98,84.2,21,0,8.05
454,Arica,CL,2020-06-24 22:22:28,-18.48,-70.3,64.4,72,1,5.82
455,Luquillo,PR,2020-06-24 22:23:18,18.37,-65.72,84.2,74,90,11.41
456,Veraval,IN,2020-06-24 22:13:42,20.9,70.37,85.42,75,2,6.58
457,Raton,US,2020-06-24 22:23:18,36.9,-104.44,82.4,26,1,10.29
458,Guarapari,BR,2020-06-24 22:18:57,-20.67,-40.5,73.4,73,27,9.17
459,Tobol,KZ,2020-06-24 22:23:18,52.68,62.58,55.29,77,81,4.14
460,Ocampo,MX,2020-06-24 22:14:14,21.65,-101.5,72.25,37,99,12.86
461,Bull Savanna,JM,2020-06-24 22:23:18,17.89,-77.59,82.58,76,15,7.74
462,Mecca,SA,2020-06-24 22:13:25,21.43,39.83,86.56,25,76,4.09
463,Lincoln,US,2020-06-24 22:20:37,40.8,-96.67,86.0,33,1,5.82
464,Bose,IT,2020-06-24 22:23:18,45.46,8.01,73.99,83,97,3.98
465,Ponferrada,ES,2020-06-24 22:23:19,42.55,-6.6,63.0,90,67,1.01
466,Vao,NC,2020-06-24 22:14:28,-22.67,167.48,70.32,62,25,13.0
467,Alta Floresta,BR,2020-06-24 22:23:19,-9.88,-56.09,77.43,66,2,3.33
468,Rosetta,EG,2020-06-24 22:23:19,31.4,30.42,75.2,69,40,9.17
469,Elban,RU,2020-06-24 22:23:19,50.1,136.51,54.14,96,100,9.28
470,Sheridan,US,2020-06-24 22:23:19,44.83,-106.92,93.2,17,1,5.82
471,Biak,ID,2020-06-24 22:23:19,-0.91,122.88,76.12,84,100,7.4
472,Wuning,CN,2020-06-24 22:23:19,29.26,120.23,76.05,95,100,1.54
473,Tongliao,CN,2020-06-24 22:14:09,43.61,122.27,63.61,77,23,10.67
474,Kirovsk,UA,2020-06-24 22:23:19,48.64,38.64,60.53,84,0,10.09
475,Cap Malheureux,MU,2020-06-24 22:13:46,-19.98,57.61,70.0,84,6,5.01
476,Palmerston,AU,2020-06-24 22:23:20,-12.49,130.98,72.0,60,20,5.82
477,Tuatapere,NZ,2020-06-24 22:13:58,-46.13,167.68,44.85,85,100,4.79
478,Lagoa,PT,2020-06-24 22:14:57,39.05,-27.98,63.28,67,0,11.25
479,San Carlos De Bariloche,AR,2020-06-24 22:23:20,-41.15,-71.31,35.6,64,75,8.05
480,Ust-Tsilma,RU,2020-06-24 22:14:37,65.44,52.15,43.12,94,100,7.96
481,Mzimba,MW,2020-06-24 22:23:20,-11.9,33.6,57.2,85,3,7.76
482,Havelock,US,2020-06-24 22:12:30,34.88,-76.9,87.8,58,20,10.29
483,Hambantota,LK,2020-06-24 22:15:05,6.12,81.12,77.0,100,90,2.24
484,Derzhavinsk,KZ,2020-06-24 22:23:20,51.1,66.32,64.85,45,98,6.06
485,Kualakapuas,ID,2020-06-24 22:23:20,-3.01,114.39,71.8,97,99,1.59
486,Waddan,LY,2020-06-24 22:23:21,29.16,16.14,75.6,50,0,17.52
487,Roebourne,AU,2020-06-24 22:14:30,-20.78,117.13,66.47,60,0,7.25
488,Terbuny,RU,2020-06-24 22:23:21,52.14,38.28,58.1,72,0,11.68
489,Plainview,US,2020-06-24 22:23:21,40.78,-73.47,86.0,35,20,10.29
490,Maromitsa,RU,2020-06-24 22:23:21,59.87,48.01,36.61,91,6,4.21
491,Ayagoz,KZ,2020-06-24 22:14:09,47.97,80.44,56.14,90,50,3.69
492,Puerto Carreno,CO,2020-06-24 22:23:21,6.19,-67.49,87.8,58,40,2.24
493,Solnechnyy,RU,2020-06-24 22:23:21,50.72,136.63,51.08,94,100,4.7
494,Youghal,IE,2020-06-24 22:23:21,51.95,-7.85,62.01,87,40,11.41
495,Batemans Bay,AU,2020-06-24 22:23:21,-35.72,150.18,42.01,93,1,1.01
496,Ostrovnoy,RU,2020-06-24 22:20:32,68.05,39.51,41.77,87,100,3.6
497,Gilbues,BR,2020-06-24 22:23:22,-9.83,-45.34,76.71,48,38,4.81
498,Tessalit,ML,2020-06-24 22:14:42,20.2,1.01,97.3,13,76,6.71
499,Omboue,GA,2020-06-24 22:13:28,-1.57,9.26,73.27,82,92,7.65
500,Artigas,UY,2020-06-24 22:13:55,-30.4,-56.47,70.5,71,100,8.01
501,Katangli,RU,2020-06-24 22:23:22,51.71,143.23,44.83,91,94,13.89
502,Nyurba,RU,2020-06-24 22:23:22,63.28,118.33,66.11,63,2,4.81
503,Mayumba,GA,2020-06-24 22:23:22,-3.43,10.66,73.6,83,95,6.55
504,Kuryk,KZ,2020-06-24 22:23:22,43.2,51.65,77.32,34,0,2.82
505,Esmeralda,CU,2020-06-24 22:23:22,21.85,-78.12,89.6,55,0,13.87
506,Hirara,JP,2020-06-24 22:23:23,24.8,125.28,84.2,83,75,13.87
507,Sekoma,BW,2020-06-24 22:23:23,-24.4,23.88,48.99,49,0,7.7
508,Athabasca,CA,2020-06-24 22:14:10,54.72,-113.29,71.46,53,91,2.55
509,Ondjiva,AO,2020-06-24 22:20:32,-17.07,15.73,56.44,38,0,7.11
510,Shangqiu,CN,2020-06-24 22:23:23,34.45,115.65,74.88,70,20,5.68
511,Gilgit,PK,2020-06-24 22:23:23,35.92,74.31,73.27,38,69,6.35
512,Bud,US,2020-06-24 22:20:12,39.45,-86.18,79.0,39,75,5.82
513,Zhangye,CN,2020-06-24 22:23:23,38.93,100.45,69.69,23,100,4.36
514,Katherine,AU,2020-06-24 22:13:41,-14.47,132.27,59.0,51,0,5.82
515,Miles City,US,2020-06-24 22:23:24,46.41,-105.84,93.2,17,20,5.82
516,Shache,CN,2020-06-24 22:19:02,38.42,77.24,78.69,17,100,15.19
517,Ormara,PK,2020-06-24 22:23:24,25.21,64.64,85.95,80,20,6.6
518,Villa Carlos Paz,AR,2020-06-24 22:20:00,-31.42,-64.5,46.0,70,75,23.04
519,Ponta Delgada,PT,2020-06-24 22:23:24,37.73,-25.67,60.8,72,20,4.7
520,Boca Do Acre,BR,2020-06-24 22:23:24,-8.75,-67.4,80.78,78,84,1.16
521,Taganak,PH,2020-06-24 22:23:24,6.08,118.3,77.0,94,20,8.72
522,Gbarnga,LR,2020-06-24 22:23:24,7.0,-9.47,71.47,98,100,2.89
523,Duiwelskloof,ZA,2020-06-24 22:23:24,-23.69,30.14,49.57,65,0,2.91
524,Conakry,GN,2020-06-24 22:13:10,9.54,-13.68,81.07,81,100,10.2
525,Kiunga,PG,2020-06-24 22:23:25,-6.12,141.29,73.71,97,45,1.01
526,Bridlington,GB,2020-06-24 22:23:25,54.08,-0.19,62.01,93,0,3.36
527,Padang,ID,2020-06-24 22:14:34,-0.95,100.35,79.2,59,98,4.5
528,Kargasok,RU,2020-06-24 22:23:25,59.06,80.86,51.94,84,100,4.18
529,Plouzane,FR,2020-06-24 22:18:58,48.38,-4.62,71.6,88,0,3.36
530,Horki,BY,2020-06-24 22:23:25,54.29,30.98,60.58,77,0,4.81
531,Pizarro,CO,2020-06-24 22:23:25,4.95,-77.37,81.37,79,94,8.08
532,Montepuez,MZ,2020-06-24 22:23:25,-13.13,39.0,64.65,86,0,10.04
533,Nalut,LY,2020-06-24 22:23:25,30.33,10.85,77.54,33,0,20.92
534,Pitimbu,BR,2020-06-24 22:14:36,-7.47,-34.81,77.0,78,20,9.17
535,Nizwa,OM,2020-06-24 22:23:26,22.93,57.53,83.61,59,7,2.89
536,Camacha,PT,2020-06-24 22:23:26,33.08,-16.33,68.0,82,20,10.29
537,Thanh Hoa,VN,2020-06-24 22:23:26,19.8,105.77,82.51,74,100,4.36
538,Egvekinot,RU,2020-06-24 22:13:42,66.32,-179.17,33.55,97,100,3.36
539,La Reforma,MX,2020-06-24 22:23:26,25.08,-108.05,95.0,40,0,8.01
540,Aguimes,ES,2020-06-24 22:23:26,27.91,-15.45,73.4,64,40,21.92
541,Barranquilla,CO,2020-06-24 22:21:07,10.96,-74.8,86.0,70,20,12.75
542,Den Helder,NL,2020-06-24 22:23:26,52.96,4.76,72.0,73,90,13.87
543,Iquira,CO,2020-06-24 22:23:27,2.65,-75.63,91.4,38,34,3.36
544,Lompoc,US,2020-06-24 22:14:46,34.64,-120.46,71.01,64,100,16.11
545,Madimba,TZ,2020-06-24 22:23:27,-10.4,40.33,71.6,94,20,11.41
546,Dakar,SN,2020-06-24 22:12:04,14.69,-17.44,80.6,88,75,6.93
547,Santa Cruz,BO,2020-06-24 22:19:51,-17.8,-63.17,77.0,83,75,19.46
548,North Bend,US,2020-06-24 22:21:36,43.41,-124.22,80.01,82,20,12.75
549,Lisala,CD,2020-06-24 22:23:27,2.15,21.52,74.89,73,70,2.35
550,Novosergiyevka,RU,2020-06-24 22:23:27,52.09,53.65,55.81,93,98,6.35
551,Sobolevo,RU,2020-06-24 22:13:51,54.43,31.9,60.67,77,3,4.61
552,Taraz,KZ,2020-06-24 22:23:28,42.9,71.37,60.8,51,0,4.47
553,Bagdarin,RU,2020-06-24 22:23:28,54.43,113.6,53.85,85,51,2.19
